username,descr,date_time,message
Lesla,Модератор раздела R1a-VK05    Санкт-Петербург Сообщений: 2473 На сайте с 2006 г. Рейтинг: 2134,5 ноября 2020 21:23,"Обратил внимание, что давно обсуждаем тесты в этой фирме, а отдельной темы нет.

MyHeritage
Аутосомный тест. Примерно похож на Family Finder от ФТДНА, но с возможностью (для мужчин) определить в общих чертах гаплогруппу."
Lesla,Модератор раздела R1a-VK05    Санкт-Петербург Сообщений: 2473 На сайте с 2006 г. Рейтинг: 2134,5 ноября 2020 21:28,"В последнее время услуга днк-тестирования заблокирована (руководством компании) для жителей ряда стран, в том числе и России.
Препятствие обходитcя изменением в настройках страны (не Россия или Израиль) и входом с ip-адреса другого государства (использовать vpn)."
Lesla,Модератор раздела R1a-VK05    Санкт-Петербург Сообщений: 2473 На сайте с 2006 г. Рейтинг: 2134,5 ноября 2020 21:30,Куча советов на Молгене
eugrus,Участник  Сообщений: 67 На сайте с 2006 г. Рейтинг: 36,19 января 2021 2:25,"Lesla написал:
[q]
Аутосомный тест. Примерно похож на Family Finder от ФТДНА, но с возможностью (для мужчин) определить в общих чертах гаплогруппу.
[/q]


А какими инструментами по данным от MyHeritage устанавливать гаплогруппу?

Я изначально исходил из того, что Y-хромосомы в тесте не будет (на сайте самого MyHeritage она никак не интерпретируется), но в raw data действительно присутствует.

Впрочем, не уверен, действительно ли указанное как Y в файле на самом деле не из X: из-за особенностей работы чипа куски из X даже для женщин помечаются как из Y."
eugrus,Участник  Сообщений: 67 На сайте с 2006 г. Рейтинг: 36,19 января 2021 2:39,"eugrus написал:
[q]
А какими инструментами по данным от MyHeritage устанавливать гаплогруппу?
[/q]


Уже нашёл кое-что: https://cladefinder.yseq.net"
Lesla,Модератор раздела R1a-VK05    Санкт-Петербург Сообщений: 2473 На сайте с 2006 г. Рейтинг: 2134,19 января 2021 12:09,"eugrus написал:
[q]
Уже нашёл кое-что
[/q]

Да, в YSEQ мне показалось поудобнее.

Есть еще вариант - https://ytree.morleydna.com/"
ISveshnikova,Сообщений: 266 На сайте с 2020 г. Рейтинг: 156,19 января 2021 18:20,"Lesla написал:
[q]
В последнее время услуга днк-тестирования заблокирована (руководством компании) для жителей ряда стран, в том числе и России.
Препятствие обходитcя изменением в настройках страны (не Россия или Израиль) и входом с ip-адреса другого государства (использовать vpn).
[/q]



Не работает, myhritage видит как робота и не даёт войти. Так что этот вариант мимо."
I_Sokka,Санкт-Петербург Сообщений: 502 На сайте с 2019 г. Рейтинг: 455,20 января 2021 8:39,"ISveshnikova написал:
[q]

Lesla написал:
[q]

В последнее время услуга днк-тестирования заблокирована (руководством компании) для жителей ряда стран, в том числе и России.
Препятствие обходитcя изменением в настройках страны (не Россия или Израиль) и входом с ip-адреса другого государства (использовать vpn).
[/q]




Не работает, myhritage видит как робота и не даёт войти. Так что этот вариант мимо.
[/q]


Проверьте работает ли vpn - https://2ip.ru/ Зайдите на страницу до и после включения VPN. Поменялся IP-адрес? Поменялась страна?

Попробуйте сменить провайдера VNP. Возможно MyHeritage заблокировала самых часто используемых (бесплатных) провайдеров."
ISveshnikova,Сообщений: 266 На сайте с 2020 г. Рейтинг: 156,20 января 2021 9:13,">> Ответ на сообщение пользователя I_Sokka от 20 января 2021 8:39

Сработало! Неожиданно, я несколько месяцев пыталась загрузить безрезультатно. Видно мой платный VPN у них заблокирован был. Спасибо!"
soket1,Участник    Новокуйбышевск Сообщений: 54 На сайте с 2009 г. Рейтинг: 15,24 января 2021 21:36,"Myheritage , в конец обнаглел от жадности.

В начале этого месяца у меня ограничился аккаунт. Если просматриваешь своего днк совпаденца , теперь показывает только одну запись у кого еще есть эти днк что у тебя и совпаденца. Непоказывает полностью общую этническую принадлежность. А так же теперь недоступны деревья совпаденцов.
Просит подписаться на год за 8400 руб.

Написал в техпподержку. И вот ответ:



Благодарим Вас за обращение к нам. Меня зовут Клаудия, и я буду рада помочь вам.

Примите наши искренние извинения за задержку с ответом на ваш запрос.

Насколько я понимаю, вас просят оформить платную подписку для просмотра некоторых характеристик ваших совпадений ДНК. Прошу прощения за недоразумение, постараюсь прояснить ситуацию.

Позвольте мне сообщить вам, что определение ДНК - это бесплатная функция, доступная клиентам, приобретающим набор MyHeritage DNA. Эта функция позволяет сопоставить вас с другими людьми, которые имеют с вами общую ДНК и, вероятно, связаны с вами.

Как только результаты будут готовы, у вас по умолчанию будет свободный доступ к совпадениям ДНК, и вы сможете экспортировать список своих совпадений ДНК, связаться с совпадениями ДНК и просмотреть общие фамилии предков.

Если у пользователя есть подписка на сайт, он будет иметь доступ ко всем другим функциям, включая оценку этнической принадлежности, браузер хромосом, AutoClusters и Theory of Family Relativity ™.

******

То есть судя по ответу , скоро и этническую принадлежность заблокируют , если небудет подписки."
I_Sokka,Санкт-Петербург Сообщений: 502 На сайте с 2019 г. Рейтинг: 455,24 января 2021 21:53,"soket1 написал:
[q]
Myheritage , в конец обнаглел от жадности.
[/q]


Система дорогой подписки совершенно никого не впечатляет. MH - это одна из компаний, который стоит избегать. Очень хорошо, что они ушли с российского рынка.

По-моему мнению, стоимость подписки совершенно ничем не обоснована. Архивных записей у них мало, а то, что есть, доступно и бесплатно. Перепродают, то, что российские генеалоги добавили совершенно бесплатно."
eugrus,Участник  Сообщений: 67 На сайте с 2006 г. Рейтинг: 36,25 января 2021 1:19,"soket1 написал:
[q]
В начале этого месяца у меня ограничился аккаунт. Если просматриваешь своего днк совпаденца , теперь показывает только одну запись у кого еще есть эти днк что у тебя и совпаденца. Непоказывает полностью общую этническую принадлежность. А так же теперь недоступны деревья совпаденцов.
[/q]


На самом деле дерево совпаденца с бесплатным аккаунтом открыть можно: просто для этого не нажимайте ""Переход к дереву"" в списке, а подведите мышь к имени и нажмите на соответствующий его Site. А уже на ""сайте"" жмите на ""Дерево""."
eugrus,Участник  Сообщений: 67 На сайте с 2006 г. Рейтинг: 36,31 января 2021 0:24,"eugrus написал:
[q]
На самом деле дерево совпаденца с бесплатным аккаунтом открыть можно: просто для этого не нажимайте ""Переход к дереву"" в списке, а подведите мышь к имени и нажмите на соответствующий его Site. А уже на ""сайте"" жмите на ""Дерево"".
[/q]


И ещё добавлю, что прямые ссылки ко всем деревьям (без paywall'ов) включены в CSV с экспортом списка мэтчей."
kalinnik,Участник к. филол. н.  Санкт-Петербург Сообщений: 96 На сайте с 2015 г. Рейтинг: 44,28 февраля 2021 3:16,Правда ли что на MyHer до 28 февраля бесплатная интерпретация загруженного им теста?
I_Sokka,Санкт-Петербург Сообщений: 502 На сайте с 2019 г. Рейтинг: 455,28 февраля 2021 10:34,"kalinnik написал:
[q]
Правда ли что на MyHer до 28 февраля бесплатная интерпретация загруженного им теста?
[/q]"
tmaua,Киев Сообщений: 981 На сайте с 2021 г. Рейтинг: 509,16 марта 2021 13:25,"После сдачи ДНК-теста в 2017 году нашлось уже 5 347 четвероюродных - шестиюродных братьев-сестер.
Что со всем этим добром делать непонятно :-)"
Lesla,Модератор раздела R1a-VK05    Санкт-Петербург Сообщений: 2473 На сайте с 2006 г. Рейтинг: 2134,16 марта 2021 16:18,"tmaua написал:
[q]
Что со всем этим добром делать непонятно :-)
[/q]

Обращать внимание только на ближайших. Я обычно отсеиваю тех с кем меньше 100сМ. Если больше - можно списываться, искать общие корни."
Laibach,Сообщений: 222 На сайте с 2018 г. Рейтинг: 144,16 марта 2021 16:54,"Lesla написал:
[q]
Я обычно отсеиваю тех с кем меньше 100сМ
[/q]


Если не секрет ,сколько у вас более 100сМ и удалось ли установить ""родственность""?"
Lesla,Модератор раздела R1a-VK05    Санкт-Петербург Сообщений: 2473 На сайте с 2006 г. Рейтинг: 2134,16 марта 2021 17:00,"Laibach написал:
[q]
Если не секрет ,сколько у вас более 100сМ и удалось ли установить ""родственность""?
[/q]

В основном это или родственники (ожидаемо), или односельчане с которыми генеалогия пока не прослежена, но т.к. все жили рядом - оно понятно, что где-то пересекаются.
Был один случай с 99 или 98 общими сМ, но концов не сыскали, у обоих генеалогия по тем веткам не самая лучшая.
Тут очень важную роль играет глубина и широта родословия. На 5-6 поколений по всем веткам у обоих - и будет понятно где родство пересекается. Но обычно ситуация гораздо хуже - достаточно круговую диаграмму сделать по древу и все белые пятна бросаются в глаза("
Lesla,Модератор раздела R1a-VK05    Санкт-Петербург Сообщений: 2473 На сайте с 2006 г. Рейтинг: 2134,16 марта 2021 17:03,"Lesla написал:
[q]
Я обычно отсеиваю тех с кем меньше 100сМ.
[/q]

Другое дело, если вы родство предполагаете заранее и оно объявилось, пусть хоть и с малым количеством общих См. Я так и восьмиюродное родство выцаплял. Но там мы заранее знали общего предка по документам и малое количество общих сМ не смутило."
Laibach,Сообщений: 222 На сайте с 2018 г. Рейтинг: 144,16 марта 2021 17:06,"Lesla написал:
[q]
В основном это или родственники (ожидаемо)
[/q]


Хотел понять что у вас получилось по родству в районе 100сМ.
У меня нет таких результатов.

Двоюродная тетка-350сМ

Всего совпадений 6980 все меньше 60."
Lesla,Модератор раздела R1a-VK05    Санкт-Петербург Сообщений: 2473 На сайте с 2006 г. Рейтинг: 2134,16 марта 2021 23:18,"Laibach написал:
[q]
Хотел понять что у вас получилось по родству в районе 100сМ.
[/q]

Подтвержденный результат. В Shared cM.
Троюродная бабушка (общая прапрапрабабушка) - 101 сМ.
У жены пятиюродный брат - 52 сМ."
tmaua,Киев Сообщений: 981 На сайте с 2021 г. Рейтинг: 509,17 марта 2021 15:37,"tmaua написал:
[q]

После сдачи ДНК-теста в 2017 году нашлось уже 5 347 четвероюродных - шестиюродных братьев-сестер.
[/q]

За все это время максимальное совпадение было (55,6 cM). Пока ничем не помогло, видимо мало тестируются в нашем регионе."
Nikola,Эстония Сообщений: 5857 На сайте с 2006 г. Рейтинг: 2871,17 марта 2021 16:39,"tmaua написал:
[q]
видимо мало тестируются в нашем регионе.
[/q]

Украинцам не до тестирования - вопрос в выживании... У меня земляков даже близко нет. Единственный двоюродный племянник (490,2 сМ) из Эстонии."
tmaua,Киев Сообщений: 981 На сайте с 2021 г. Рейтинг: 509,17 марта 2021 21:07,"Сегодня на семинаре анонсировали:

https://familytreewebinars.com/24
April 8-9, 2021
Join us in making history as we embark on the second-annual 24-hour genealogy webinar marathon"
Doneckov,Новичок  Сообщений: 2 На сайте с 2021 г. Рейтинг: 2,5 мая 2021 21:43,">> Ответ на сообщение пользователя soket1 от 24 января 2021 21:36

Подскажите как у администратора сайта ведущего древо запросить разрешение на добавление фото. Меня добавили как участника сайта, но я не могу добавлять фото, а тот человек который ведёт этот сайт не знает как разрешить мне доступ к добавлению фото."
tmaua,Киев Сообщений: 981 На сайте с 2021 г. Рейтинг: 509,5 мая 2021 22:21,"Doneckov написал:
[q]
>> Ответ на сообщение пользователя soket1 от 24 января 2021 21:36

Подскажите как у администратора сайта ведущего древо запросить разрешение на добавление фото. Меня добавили как участника сайта, но я не могу добавлять фото, а тот человек который ведёт этот сайт не знает как разрешить мне доступ к добавлению фото.
[/q]

Пускай администратор посмотрит в MH -> Домашняя -> Участники -> Повысить до администратора.

Дерево->Управление->Настройка дерева."
rchistov,"Участник    Магаданская обл.,Ивановская обл.,Москва Сообщений: 78 На сайте с 2010 г. Рейтинг: 32",14 мая 2021 15:47,"Lesla написал:
[q]
Обратил внимание, что давно обсуждаем тесты в этой фирме, а отдельной темы нет.

MyHeritage
Аутосомный тест. Примерно похож на Family Finder от ФТДНА, но с возможностью (для мужчин) определить в общих чертах гаплогруппу.
[/q]



Подскажите, а как вы сдавали там тест? При попытке взаимодействовать с вкладкой ""ДНК"" сайт пишет что недоступно для России. Я хотел свой результат из генотека туда импортировать."
Lesla,Модератор раздела R1a-VK05    Санкт-Петербург Сообщений: 2473 На сайте с 2006 г. Рейтинг: 2134,14 мая 2021 16:30,"rchistov написал:
[q]
а как вы сдавали там тест?
[/q]

Я сдавал в ФТДНА и импортировал (давно уже) в МХ.


rchistov написал:
[q]
При попытке взаимодействовать с вкладкой ""ДНК"" сайт пишет что недоступно для России.
[/q]

Измените в настройках личного кабинета страну на другую. Заходите в личный кабинет через VPN."
Dyk,Тамбов Сообщений: 574 На сайте с 2014 г. Рейтинг: 1513,16 июня 2021 18:56,"eugrus написал:
[q]
Уже нашёл кое-что: https://cladefinder.yseq.net
[/q]


Я в этом деле новичок и не совсем понял как это работает. А именно:

Введите SNP, чтобы найти Y-гаплогруппу из YFull
(1) Введите SNP в формате, разделенном запятыми, и нажмите ОТПРАВИТЬ.
Пример: M343 +, L21 +, DF13 +, DF23 +, M222-.

Что это значит и что надо ввести?"
maxmalk,Москва Сообщений: 374 На сайте с 2019 г. Рейтинг: 374,16 июня 2021 19:41,"Dyk, на (1) не обращайте внимания

там ниже

(2) File Upload 50 MB max size

[Выберите файл]

Вот туда и подгружаете Ваш файл с аутосомными результатами из myheritage"
Dyk,Тамбов Сообщений: 574 На сайте с 2014 г. Рейтинг: 1513,16 июня 2021 21:09,"Что-то получилось, но что получилось - не совсем понятно

R1a-Z93 R-Z2125

Что бы это значило? (извиняюсь, что не по теме)"
maxmalk,Москва Сообщений: 374 На сайте с 2019 г. Рейтинг: 374,17 июня 2021 0:12,"Dyk написал:
[q]
Что-то получилось, но что получилось - не совсем понятно

R1a-Z93 R-Z2125

Что бы это значило? (извиняюсь, что не по теме)
[/q]

https://www.yfull.com/tree/R-Z2125/
Очень крупная ветка с датировкой 4400 лет, распространённая в основном у исторических народов Великой Степи, в Средней Азии, а также у башкир и части народов Северного Кавказа.
К ней же принадлежала венгерская династия Арпадов (делали тест останков короля Белы III).
Для русских практически не характерна. Если у Вас Тамбовская область, то может быть от местного дославянского населения."
tmaua,Киев Сообщений: 981 На сайте с 2021 г. Рейтинг: 509,16 июля 2021 16:00,"Кто какую минимальную цену ДНК-теста видел по акции на MyHeritage?
Сейчас 59$.
Мне кажется, я видел 49$, но не уверен.
Бывало ли дешевле?"
Juleka,Участник  Москва Сообщений: 74 На сайте с 2009 г. Рейтинг: 44,21 июля 2021 15:49,"Всем доброго дня,

Кто знает на my-heritage сырой файл(сдавала в генотеке) нельзя теперь тоже загрузить?"
I_Sokka,Санкт-Петербург Сообщений: 502 На сайте с 2019 г. Рейтинг: 455,21 июля 2021 16:40,"Juleka написал:
[q]
Всем доброго дня,

Кто знает на my-heritage сырой файл(сдавала в генотеке) нельзя теперь тоже загрузить?
[/q]


Убираем в установках аккаунта страну Россия и ставим что-то другое (но не Россия и не Израиль).

Заказываем в Генотек данные в нужном формате (возможно 23andme или Ancestry, но точно не скажу так как переносами данных с Генотека не занимаюсь).

Заходим на MyHeritage через VPN и грузим файл.

Можно/нужно загрузить и в FamilyTreeDNA (FTDNA): Upload DNA Data"
kirj1982,Начинающий  Губкинский Сообщений: 33 На сайте с 2021 г. Рейтинг: 19,25 июля 2021 16:42,"Lesla написал:
[q]
В последнее время услуга днк-тестирования заблокирована (руководством компании) для жителей ряда стран, в том числе и России.
Препятствие обходитcя изменением в настройках страны (не Россия или Израиль) и входом с ip-адреса другого государства (использовать vpn).
[/q]

Добрый день! И что потом можно сдать?"
Lesla,Модератор раздела R1a-VK05    Санкт-Петербург Сообщений: 2473 На сайте с 2006 г. Рейтинг: 2134,25 июля 2021 17:05,"kirj1982 написал:
[q]
И что потом можно сдать?
[/q]

Можно заказать тест, используя почтового посредника (типа Шипито), а потом пройти тестирование и увидеть результаты в личном кабинете."
kirj1982,Начинающий  Губкинский Сообщений: 33 На сайте с 2021 г. Рейтинг: 19,25 июля 2021 17:08,"Lesla написал:
[q]

kirj1982 написал:
[q]

И что потом можно сдать?
[/q]


Можно заказать тест, используя почтового посредника (типа Шипито), а потом пройти тестирование и увидеть результаты в личном кабинете.
[/q]

А какие зарубежные тесты днк можно сдать, чтобы без проблем и посредников?"
Lesla,Модератор раздела R1a-VK05    Санкт-Петербург Сообщений: 2473 На сайте с 2006 г. Рейтинг: 2134,25 июля 2021 21:30,"kirj1982 написал:
[q]
А какие зарубежные тесты днк можно сдать, чтобы без проблем и посредников?
[/q]

ФТДНА - https://forum.vgd.ru/1693/39173/0.htm"
tmaua,Киев Сообщений: 981 На сайте с 2021 г. Рейтинг: 509,30 июля 2021 18:09,"Как???
62 тыс в дереве."
Czernichowski,Екатеринбург Сообщений: 3576 На сайте с 2012 г. Рейтинг: 2363,31 июля 2021 5:32,"tmaua написал:
[q]
Как???
62 тыс в дереве.
[/q]


Некоторые исследователи создают некие сообщества. Если есть хотя бы одно общее звено, они объединяют деревья и далее строят его уже как общее. Знаю одно дерево, которое строят несколько десятков человек. Там больше 35000 персон на данное время. Меня пытались втянуть в это сообщество, но я отказался, боюсь заблудиться в таком лесу."
I_Sokka,Санкт-Петербург Сообщений: 502 На сайте с 2019 г. Рейтинг: 455,2 августа 2021 20:50,"Dmitry Lip написал:
[q]
Здравствовать знатокам! Такой вопрос. У меня в МХ триангулированный сегмент в размере 7-8-9 выпадает на одном и том же участке 5-й хромосомы с двум сводными между собой сестрами (со мной родство не известно) и еще с кучей жителей в основном Чехии, Германии, северной Европы. Ну есть и несколько человек из Украины и РФ. Кто как может это прокоментировать? Можно ли говорить об общем предке в пределах условных 200 лет назад? Или это аномалия какая, этнофон?
[/q]


Вам в эту тему: ДНК-генеалогия
И на этот форум: Молекулярная генеалогия » Дискуссии на тему ДНК-генеалогии » Вопросы новичков » Вопросы на тему Аутосомной ДНК"
Grossliebental,Сообщений: 180 На сайте с 2020 г. Рейтинг: 110,13 сентября 2021 13:14,"Есть результаты с Ftdna. Пытался загрузить на myheritage, пишут ,что файл не поддерживается. Ждать чуда,или что то надо наколдовать?"
Temych,Санкт-Петербург Сообщений: 1118 На сайте с 2010 г. Рейтинг: 638,13 сентября 2021 22:17,"Grossliebental написал:
[q]
Есть результаты с Ftdna. Пытался загрузить на myheritage, пишут ,что файл не поддерживается. Ждать чуда,или что то надо наколдовать?
[/q]



Буквально парой постов выше объясняли как решить эту проблему.

Поменяйте в профиле любую другую страну кроме России. Когда результаты придут, можно вернуть всё обратно. У меня получалось без VPN."
Grossliebental,Сообщений: 180 На сайте с 2020 г. Рейтинг: 110,14 сентября 2021 8:59,"Temych написал:
[q]

Grossliebental написал:
[q]

Есть результаты с Ftdna. Пытался загрузить на myheritage, пишут ,что файл не поддерживается. Ждать чуда,или что то надо наколдовать?
[/q]




Буквально парой постов выше объясняли как решить эту проблему.

Поменяйте в профиле любую другую страну кроме России. Когда результаты придут, можно вернуть всё обратно. У меня получалось без VPN.
[/q]


Я думал без изменений в профиле прокатит."
Seryal,Участник  Сообщений: 57 На сайте с 2021 г. Рейтинг: 85,23 сентября 2021 15:10,"Temych написал:
[q]

Grossliebental написал:
[q]

Есть результаты с Ftdna. Пытался загрузить на myheritage, пишут ,что файл не поддерживается. Ждать чуда,или что то надо наколдовать?
[/q]




Буквально парой постов выше объясняли как решить эту проблему.

Поменяйте в профиле любую другую страну кроме России. Когда результаты придут, можно вернуть всё обратно. У меня получалось без VPN.
[/q]



А где конкретно менять страну? Вот захожу в профиль, единственное место, где нашел про страну - это Мой профиль-Мои контактные данные. Выбрал другую страну, сохранил. Все равно при обращении к меню ДНК мне говорят, что в России тесты ДНК не доступны."
Seryal,Участник  Сообщений: 57 На сайте с 2021 г. Рейтинг: 85,23 сентября 2021 15:26,">> Ответ на сообщение пользователя Seryal от 23 сентября 2021 15:10

все-таки нужен VPN"
DjamiSadi,Новичок  Сообщений: 6 На сайте с 2021 г. Рейтинг: 9,15 октября 2021 21:04,"Здравствуйте
Помогите чайнику загрузить данные днк на Myheretage. Очень прошу помочь, я уже не знаю как сделать... Перепробовала разные VPN и с ноута и с телефона, одно и тоже выдает что для России не доступно на"
Temych,Санкт-Петербург Сообщений: 1118 На сайте с 2010 г. Рейтинг: 638,15 октября 2021 21:06,"DjamiSadi написал:
[q]
Здравствуйте
Помогите чайнику загрузить данные днк на Myheretage. Очень прошу помочь, я уже не знаю как сделать... Перепробовала разные VPN и с ноута и с телефона, одно и тоже выдает что для России не доступно на
[/q]


Страну в профиле меняйте на отличную от России."
Navly-Gremychee-Sychevka,Начинающий  Сообщений: 37 На сайте с 2021 г. Рейтинг: 36,15 октября 2021 21:14,"DjamiSadi написал:
[q]
Здравствуйте
Помогите чайнику загрузить данные днк на Myheretage. Очень прошу помочь, я уже не знаю как сделать... Перепробовала разные VPN и с ноута и с телефона, одно и тоже выдает что для России не доступно на
[/q]


Замена страны не решит проблему.
Скачиваете браузер ТОР в интернете. https://www.torproject.org/
И через этот браузер заходите на Myheretage.
А далее по инструкции загружаете данные ДНК.

Есть возможность через браузер Опера, но там путь длиннее и сложнее."
Grossliebental,Сообщений: 180 На сайте с 2020 г. Рейтинг: 110,4 ноября 2021 23:57,"Temych написал:
[q]

Grossliebental написал:
[q]

Есть результаты с Ftdna. Пытался загрузить на myheritage, пишут ,что файл не поддерживается. Ждать чуда,или что то надо наколдовать?
[/q]




Буквально парой постов выше объясняли как решить эту проблему.

Поменяйте в профиле любую другую страну кроме России. Когда результаты придут, можно вернуть всё обратно. У меня получалось без VPN.
[/q]


Все сделал. Без VPN.
Жду результаты"
safoe,Вроцлав Сообщений: 348 На сайте с 2017 г. Рейтинг: 190,20 ноября 2021 12:26,"Подскажите, пожалуйста, для чего в тест вложена эта салфетка?"
I_Sokka,Санкт-Петербург Сообщений: 502 На сайте с 2019 г. Рейтинг: 455,20 ноября 2021 17:36,"safoe написал:
[q]
Подскажите, пожалуйста, для чего в тест вложена эта салфетка?
[/q]


Обратите внимание на символ биологической опасности на пакете.
Салфетка впитает жидкость, если пробирки будут повреждены при транспортировке."
tmaua,Киев Сообщений: 981 На сайте с 2021 г. Рейтинг: 509,20 ноября 2021 19:19,"safoe написал:
[q]
Подскажите, пожалуйста, для чего в тест вложена эта салфетка?
[/q]

Салфетка поддерживает уровень влажности в процессе транспортировки. Примерно такое описание читал на сайте МН."
Наташа СМ,город-герой Смоленск Сообщений: 2932 На сайте с 2012 г. Рейтинг: 2384,21 ноября 2021 0:08,"Добрый вечер!
Подскажите пожалуйста, если я закажу тест через посредника, то могу ли я хотя бы обратно отправить его из России? Знаю, что они в Россию не высылают, но смотрят ли они, откуда пришёл тест? Или тоже через другую страну надо отправлять?"
Grossliebental,Сообщений: 180 На сайте с 2020 г. Рейтинг: 110,21 ноября 2021 23:24,39 это красная цена? За тест ДНК
Наташа СМ,город-герой Смоленск Сообщений: 2932 На сайте с 2012 г. Рейтинг: 2384,21 ноября 2021 23:51,"Grossliebental написал:
[q]
39 это красная цена? За тест ДНК
[/q]

А где Вы такие цены нашли, если ек секрет? Это прям почти бесплатно для ДНК-теста"
I_Sokka,Санкт-Петербург Сообщений: 502 На сайте с 2019 г. Рейтинг: 455,21 ноября 2021 23:57,"Наташа СМ написал:
[q]

Grossliebental написал:
[q]

39 это красная цена? За тест ДНК
[/q]


А где Вы такие цены нашли, если ек секрет? Это прям почти бесплатно для ДНК-теста
[/q]


MyHeritage объявила о скидках к Черной Пятнице, мэйл пришел.
Enjoy FREE SHIPPING on orders of 2+ kits and a beautiful gift wrap option.
Offer expires on November 26, 2021, at 11:59 PM





Зайдите на их страницу.
Думаю, что стоит ждать хороших предложений и от других компаний."
Наташа СМ,город-герой Смоленск Сообщений: 2932 На сайте с 2012 г. Рейтинг: 2384,22 ноября 2021 0:05,"I_Sokka написал:
[q]
Зайдите на их страницу.
[/q]

Спасибо, я буквально вчера оформила заказ за 47 долларов(( Ээх.."
Наташа СМ,город-герой Смоленск Сообщений: 2932 На сайте с 2012 г. Рейтинг: 2384,22 ноября 2021 0:07,"Наташа СМ написал:
[q]
Подскажите пожалуйста, если я закажу тест через посредника, то могу ли я хотя бы обратно отправить его из России? Знаю, что они в Россию не высылают, но смотрят ли они, откуда пришёл тест? Или тоже через другую страну надо отправлять?
[/q]


Вопрос актуален )"
rchistov,"Участник    Магаданская обл.,Ивановская обл.,Москва Сообщений: 78 На сайте с 2010 г. Рейтинг: 32",22 ноября 2021 10:30,"Наташа СМ написал:
[q]

Наташа СМ написал:
[q]

Подскажите пожалуйста, если я закажу тест через посредника, то могу ли я хотя бы обратно отправить его из России? Знаю, что они в Россию не высылают, но смотрят ли они, откуда пришёл тест? Или тоже через другую страну надо отправлять?
[/q]



Вопрос актуален )
[/q]



Наталья, я бы сдал тест в России. Например в Генотеке (собственно я так и сделал). Потом можно бесплатно скачать сырой файл в Генотеке, пережать его в необходимый для myheritage формат (если у вас возникнут трудности, я готов безвозмездно вам помочь) и залить на myheritage."
Наташа СМ,город-герой Смоленск Сообщений: 2932 На сайте с 2012 г. Рейтинг: 2384,22 ноября 2021 12:41,"rchistov написал:
[q]
Наталья, я бы сдал тест в России. Например в Генотеке (собственно я так и сделал). Потом можно бесплатно скачать сырой файл в Генотеке, пережать его в необходимый для myheritage формат (если у вас возникнут трудности, я готов безвозмездно вам помочь) и залить на myheritage.
[/q]

Спасибо, я не рассматриваю такой вариант. У меня уже заказан тест от МН, поэтому я прошу совета, как лучше отправить его потом в лабораторию"
tigervera,Раменское Сообщений: 497 На сайте с 2020 г. Рейтинг: 887,22 ноября 2021 12:48,"Наташа СМ написал:
[q]

Наташа СМ написал:
[q]

Подскажите пожалуйста, если я закажу тест через посредника, то могу ли я хотя бы обратно отправить его из России? Знаю, что они в Россию не высылают, но смотрят ли они, откуда пришёл тест? Или тоже через другую страну надо отправлять?
[/q]



Вопрос актуален )
[/q]


Здравствуйте, я отправляла без проблем Почтой России в марте этого года (тест заказывала еще в прошлом году до запрета). В электронной декларации писала ""DNA test kit""."
graymatter,Новичок  LV Сообщений: 8 На сайте с 2011 г. Рейтинг: 3,25 ноября 2021 15:08,А результат с MyHeritage можно загрузить на FTDNA?
Grossliebental,Сообщений: 180 На сайте с 2020 г. Рейтинг: 110,25 ноября 2021 16:42,"graymatter написал:
[q]
А результат с MyHeritage можно загрузить на FTDNA?
[/q]



Да конечно"
Наташа СМ,город-герой Смоленск Сообщений: 2932 На сайте с 2012 г. Рейтинг: 2384,11 декабря 2021 13:58,"Подскажите, пожалуйста, если звонить на телефон поддержки из России - это шибко платно получится? Там указан бесплатный номер ""для других стран"" - но нет списка этих других стран)) Зато есть пометка, что может браться оплата ))
На письмо не отвечают, а вопрос важный - ошибка в адресе доставки ДНК-набора..."
I_Sokka,Санкт-Петербург Сообщений: 502 На сайте с 2019 г. Рейтинг: 455,3 января 2022 14:20,"https://www.interfax.ru/russia/813469

Сайту MyHeritage грозит штраф в РФ за отказ локализовать данные россиян
[q]
Мировой суд Москвы зарегистрировал в отношении международной онлайн-платформы MyHeritage протокол об административном правонарушении, выразившийся в отказе локализовать данные россиян на территории страны. .... Компания привлекается по ч.8 ст.13.11 КоАП РФ (""Невыполнение оператором при сборе персональных данных, в том числе посредством сети ""Интернет"", обязанности по обеспечению хранения персональных данных граждан РФ с использованием баз данных, находящихся на территории РФ""). Наказание по данной статье предусматривает административный штраф в размере от 1 до 6 млн рублей. ... В России за нарушение требования о локализации уже заблокирована соцсеть LinkedIn.
[/q]"
alexlapin,Новичок  Сообщений: 26 На сайте с 2021 г. Рейтинг: 7,7 января 2022 13:46,"Добрый день! Брат, проживающий в США, сделал тест ДНК. Пришло письмо со ссылкой, по которой можно посмотреть этническую принадлежность (сомнительную). Больше ничего нет. У меня платный аккаунт, у него нет. Где искать т.н. сырые данные?"
I_Sokka,Санкт-Петербург Сообщений: 502 На сайте с 2019 г. Рейтинг: 455,7 января 2022 15:57,"alexlapin написал:
[q]
Добрый день! Брат, проживающий в США, сделал тест ДНК. Пришло письмо со ссылкой, по которой можно посмотреть этническую принадлежность (сомнительную). Больше ничего нет. У меня платный аккаунт, у него нет. Где искать т.н. сырые данные?
[/q]


Зайдите в аккаунт (свой, или если брат делал себе отдельный аккаунт, то в его аккаунт).
Далее в меню сверху DNA -> Manage DNA kits.
Кликаете на три точки справа от имени и на Download kit.




Потом кликаете на Continue, ставите галочку на согласие и снова на Continue. Ждите мэйл с инструкцией и ссылкой. Кликаете на ссылку в мэйле, вводите пароль и кликаете на Download.

Перенести результаты теста на FamilyTreeDNA можно здесь: https://www.familytreedna.com/autosomal-transfer
Можно создать новый аккаунт, если нет такого в FTDNA.
Если я правильно помню, то для переноса файл с сырыми данными не нужен. Нужно будет выбрать компанию MyHeritage для переноса, а потом надо будет по ссылкам залогиниться в MH и данные будут перенесены в FTDNA.

PS Главное не оценки этнической пренадлежности, а DNA matches - генетические совпаденцы. Если есть около 100 сМ и более, то вы их вероятно сможете подсоединить к своему дереву. Если менее, то уже сложнее и нужны очень хорошо проработанные деревья. Схема родства по результатам аутосомноных тестов: https://forum.molgen.org/index...#msg504693"
alexlapin,Новичок  Сообщений: 26 На сайте с 2021 г. Рейтинг: 7,7 января 2022 16:08,">> Ответ на сообщение пользователя I_Sokka от 7 января 2022 15:57

Спасибо! Будем пробовать"
alexlapin,Новичок  Сообщений: 26 На сайте с 2021 г. Рейтинг: 7,9 января 2022 21:21,">> Ответ на сообщение пользователя I_Sokka от 7 января 2022 15:57
Подскажите, в каком формате должен быть файл сырыми данными? Загружаю файл в своей учетке MH, пишет ""Неверный комплект"" и говорит, что этот формат, мол, пока не поддерживается."
I_Sokka,Санкт-Петербург Сообщений: 502 На сайте с 2019 г. Рейтинг: 455,9 января 2022 22:16,"alexlapin написал:
[q]
>> Ответ на сообщение пользователя I_Sokka от 7 января 2022 15:57
Подскажите, в каком формате должен быть файл сырыми данными? Загружаю файл в своей учетке MH, пишет ""Неверный комплект"" и говорит, что этот формат, мол, пока не поддерживается.
[/q]


Если вы пытаетесь загрузить файл из России и/или ваш аккаунт зарегстрирован на Россию, то ДНК-функции для вас будут заблокированы. Меняйте страну регистрации и заходите через VPN, а еще проще ваш брат из США может сделать загрузки.

Я не совсем понял - вы сырые данные с MyHeritage пытаетесь загрузить на MyHeritage? Если да, то все должно было делаться по другому, но возможно можно переделать. Как я понимаю ваш брат должен дать вам права менэджера ДНК-набора: https://faq.myheritage.com/en/...na-matches и https://faq.myheritage.com/en/...meone-else

Можно попробовать что бы он присоединился к вашему семейному сайту и стал членом на сайте, может он сможет прикрутить набор к своему профилю в вашем дереве и тогда вам будут видны его результаты."
alexlapin,Новичок  Сообщений: 26 На сайте с 2021 г. Рейтинг: 7,9 января 2022 22:35,">> Ответ на сообщение пользователя I_Sokka от 9 января 2022 22:16

Да, с MH на MH. Он член моего сайта, но его результаты я не вижу. Попробую ещё покрутить, спасибо. В принципе, могу логиниться и через него, просто это легкий идиотизм, как по мне."
deugen,Начинающий  Санкт-Петербург Сообщений: 32 На сайте с 2018 г. Рейтинг: 39,24 февраля 2022 0:15,"Уважаемые, перечитал всю ветку. Проблема не с загрузкой файла FTDNA на MH (меняем страну профиля, заходим через VPN - заполняем, проставляем подтверждения, файл грузится), а в несоответствии формата. Пишут, что сообщат, когда это станет возможным. Что не так? Наверняка же можно переделать файл вручную? Или зависит от вида теста? Делал Y37. Формат файла .csv

Кто-то сможет подсказать? Может, вручную есть возможность ввести?

На MH аккаунт бесплатный"
I_Sokka,Санкт-Петербург Сообщений: 502 На сайте с 2019 г. Рейтинг: 455,24 февраля 2022 0:49,"deugen написал:
[q]
Делал Y37. Формат файла .csv
[/q]

MyHeritage не использует данные по Y-STR-маркерам. Можно загрузить только FTDNA FamilyFinder, Ancestry, 23andme, LivingDNA.
Загружайте FamilyFinder - RAW Build 37 Concatecated."
Наташа СМ,город-герой Смоленск Сообщений: 2932 На сайте с 2012 г. Рейтинг: 2384,7 марта 2022 10:32,"Доброго дня! Может кто совсем недавно переносил результаты с ФТДНА в MyHeritage, получилось у Вас?
Пытаюсь перенести, пишет ""Этот файл не подходит для аутосомного экспорта"". Делаю не первый раз, процедура знакома, тип файла проверила, на Гедматч всё нормально закачалось с первого раза. Можно ли тут что-то сделать?"
Tusya84,Москва Сообщений: 822 На сайте с 2020 г. Рейтинг: 309,8 марта 2022 21:39,"Наташа СМ написал:
[q]
Доброго дня! Может кто совсем недавно переносил результаты с ФТДНА в MyHeritage, получилось у Вас?
Пытаюсь перенести, пишет ""Этот файл не подходит для аутосомного экспорта"". Делаю не первый раз, процедура знакома, тип файла проверила, на Гедматч всё нормально закачалось с первого раза. Можно ли тут что-то сделать?
[/q]



Я тоже пытаюсь, но не получается. Скачала расширение в гугл хром VPN, поменяла страну, захожу в режиме инкогнито, но все равно пишет, что из России загрузить нельзя.
Как же обмануть этот сайт?"
Наташа СМ,город-герой Смоленск Сообщений: 2932 На сайте с 2012 г. Рейтинг: 2384,8 марта 2022 21:55,"Tusya84 написал:
[q]
но все равно пишет, что из России загрузить нельзя.
[/q]

У меня другая проблема: мне даёт загрузить, но пишет, что файл не подходит. Я уже перепробовала все три файла, что даёт скачать ФТДНА, но ни один их не устраивает.... Ума не приложу, что делать"
I_Sokka,Санкт-Петербург Сообщений: 502 На сайте с 2019 г. Рейтинг: 455,8 марта 2022 22:43,"Tusya84 написал:
[q]
Я тоже пытаюсь, но не получается. Скачала расширение в гугл хром VPN, поменяла страну, захожу в режиме инкогнито, но все равно пишет, что из России загрузить нельзя.
[/q]

Похоже, что вы не выбрали сервер для VPN, весь интернет-трафик должен идти через другую страну.


Наташа СМ написал:
[q]
мне даёт загрузить, но пишет, что файл не подходит.
[/q]

Такое сообщение часто появляется, если в вашей регистрационной записи стоит Россия. В вашем аккаунте в MyHeritage поменяйте страну на не Россия и не Израиль."
Наташа СМ,город-герой Смоленск Сообщений: 2932 На сайте с 2012 г. Рейтинг: 2384,8 марта 2022 23:02,"I_Sokka написал:
[q]
Такое сообщение часто появляется, если в вашей регистрационной записи стоит Россия.
[/q]

Спасибо огромное! Вы оказались правы!"
Tusya84,Москва Сообщений: 822 На сайте с 2020 г. Рейтинг: 309,9 марта 2022 12:29,"I_Sokka написал:
[q]
Похоже, что вы не выбрали сервер для VPN, весь интернет-трафик должен идти через другую страну.
[/q]

А как это сделать? Читала, что нужно скачать впн, включить и будет работать с одной кнопки. А наверное нужно еще что-то...
Подскажите, пожалуйста, если кто-то знает, как обойти это?"
I_Sokka,Санкт-Петербург Сообщений: 502 На сайте с 2019 г. Рейтинг: 455,9 марта 2022 21:24,"Tusya84 написал:
[q]
А как это сделать? Читала, что нужно скачать впн, включить и будет работать с одной кнопки.
[/q]

Да, так и должно быть. Как конкретно сделать зависит от конкретного приложения. Обычно должна быть ""кнопка"" или какая-то опция включить/выключить.
Проверить работает или нет можно например здесь: https://2ip.ru/
Если все настроено правильно и включено, то вы должны видеть не свой IP-адрес и другую страну."
Tusya84,Москва Сообщений: 822 На сайте с 2020 г. Рейтинг: 309,9 марта 2022 23:26,"I_Sokka написал:
[q]

Tusya84 написал:
[q]

А как это сделать? Читала, что нужно скачать впн, включить и будет работать с одной кнопки.
[/q]


Да, так и должно быть. Как конкретно сделать зависит от конкретного приложения. Обычно должна быть ""кнопка"" или какая-то опция включить/выключить.
Проверить работает или нет можно например здесь: https://2ip.ru/
Если все настроено правильно и включено, то вы должны видеть не свой IP-адрес и другую страну.
[/q]



Спасибо большое, вижу по этому сайту свою страну, а не другую.
Скачивала, как тут советовали, расширение на гугл хром Touch VPN. Но он почему то не работает, хоть и вроде как включается. Уже два месяца не справлюсь с этим впн"
I_Sokka,Санкт-Петербург Сообщений: 502 На сайте с 2019 г. Рейтинг: 455,10 марта 2022 1:00,"Tusya84 написал:
[q]
Touch VPN. Но он почему то не работает
[/q]






















Не знал, что Франция, Париж находятся в США, но как видите работает."
Tusya84,Москва Сообщений: 822 На сайте с 2020 г. Рейтинг: 309,11 марта 2022 17:02,"А у меня получается, что я его подключаю, он вроде подключается. Но захожу на https://2ip.ru/, и на 3 секунды высвечивается белый экран с просьбой проверить прокси-сервер, а потом переключается на сайт, но показывает Россию."
I_Sokka,Санкт-Петербург Сообщений: 502 На сайте с 2019 г. Рейтинг: 455,11 марта 2022 22:01,"Tusya84 написал:
[q]
А у меня получается, что я его подключаю, он вроде подключается. Но захожу на https://2ip.ru/, и на 3 секунды высвечивается белый экран с просьбой проверить прокси-сервер, а потом переключается на сайт, но показывает Россию.
[/q]

У меня тоже не получилось подсоединиться через Германию, но с США прошло нормально."
Tusya84,Москва Сообщений: 822 На сайте с 2020 г. Рейтинг: 309,12 марта 2022 22:15,"I_Sokka написал:
[q]

Tusya84 написал:
[q]

А у меня получается, что я его подключаю, он вроде подключается. Но захожу на https://2ip.ru/, и на 3 секунды высвечивается белый экран с просьбой проверить прокси-сервер, а потом переключается на сайт, но показывает Россию.
[/q]


У меня тоже не получилось подсоединиться через Германию, но с США прошло нормально.
[/q]



Да, я, вроде все попробовала...Попробую еще раз. Спасибо.
PS: Ничего не получается, к сожалению.("
Grossliebental,Сообщений: 180 На сайте с 2020 г. Рейтинг: 110,24 марта 2022 11:08,"У дедушки совпадение с датчанином по аутосомам. 7 кусков ,общий 47 см.
По генетическим группам вообще не совпадают.
Это один из датчан,в топе так сказать соответственно 3 и 6 позиции. Славяне во втором десятке только идут."
Mark776,Новичок  Сообщений: 1 На сайте с 2022 г. Рейтинг: 3,26 марта 2022 20:54,"Здравствуйте! А этот тест не видит разницы между карелами и финнами? Или для него это почему-то один народ, плюс может и вепсов и ингерманладцев, и северных русских, и поморов, и саамов с гаплогруппой N1 - всех в кучу смешали? Может ещё и коми и ненцев туда же в кучу и этот тест вообще ни о чём для тех, у кого предки с севера России?"
Myrashkina,"Начинающий    Евпатория, Крым Сообщений: 45 На сайте с 2020 г. Рейтинг: 37",27 марта 2022 12:45,"Наташа СМ написал:
[q]
Доброго дня! Может кто совсем недавно переносил результаты с ФТДНА в MyHeritage, получилось у Вас?
Пытаюсь перенести, пишет ""Этот файл не подходит для аутосомного экспорта"". Делаю не первый раз, процедура знакома, тип файла проверила, на Гедматч всё нормально закачалось с первого раза. Можно ли тут что-то сделать?
[/q]


Вот только что загрузила — все ок. Но перед этим изменила в настройках страницы страну на сша и включила впн.

С FTDNA скачала самый первый из трёх вариантов файла — не знаю чем они отличаются)"
Lesla,Модератор раздела R1a-VK05    Санкт-Петербург Сообщений: 2473 На сайте с 2006 г. Рейтинг: 2134,27 марта 2022 16:58,"Mark776 написал:
[q]
может и вепсов и ингерманладцев, и северных русских, и поморов, и саамов с гаплогруппой N1 - всех в кучу смешали?
[/q]

Ну, во-первых, не стоит мешать тест в МХ (аутосомный) с тестом Y-днк (где как раз гаплогруппы). Во-вторых, русских и саамов скорее всего различит, если у тестируемых русских не было включений от саамов или наоборот. Смотря от замкнутости той или иной популяции, от научных выборок с которыми сравнивают. Кареллов от финнов - разница между ними может быть небольшая и в зависимости от смешанности в том или ином человек, как сделать различие - то ли далекий предок финн, то ли близкий предок карел? Еще раз повторю, речь идет об аутосомном тесте, где за четыре-пять поколений существенно меняется картина."
DanayaAD,Новичок    Луганск Сообщений: 13 На сайте с 2018 г. Рейтинг: 116,29 марта 2022 13:29,"Здравствуйте! Может кто знает, возможно ли из РФ сейчас отослать готовый тест и можно ли его провозить в РФ через границу?"
KillerQuin,Новичок  Сообщений: 8 На сайте с 2022 г. Рейтинг: 8,11 апреля 2022 9:32,"Всем привет!
Хочу уточнить,все ли функции раздела днк доступны после трансфера файла из фтдна и оплаты 30 $?
Или потребуют премиум аккаунт и подписку?"
Grossliebental,Сообщений: 180 На сайте с 2020 г. Рейтинг: 110,12 апреля 2022 8:50,"Вчера появился совпаденец у супруги с США с 0,6%, третий в списке совпаденцев( вся семья,включая племянников в совпадение у жены). Но что самое интересное,у дедушки жены этого человека нет. Хотя по всем признакам ,у деда должен быть. Так как у него в основном северо запад России ареал проживания предков.
У супруги другие предки из Поволжья и Зауралья.
Может ошибка в myheritage?"
Grossliebental,Сообщений: 180 На сайте с 2020 г. Рейтинг: 110,17 апреля 2022 11:07,"Подскажите пожалуйста адрес Myheritage в США, чтобы туда отправить."
Grossliebental,Сообщений: 180 На сайте с 2020 г. Рейтинг: 110,22 апреля 2022 21:25,"Grossliebental написал:
[q]
Подскажите пожалуйста адрес Myheritage в США, чтобы туда отправить.
[/q]



MyHeritage DNA
1445 North Loop West, Suite 820
Houston, Texas
77008,
USA"
archivdonbass,Донбасс Сообщений: 724 На сайте с 2007 г. Рейтинг: 1062,16 мая 2022 21:21,"Подскажите, пожалуйста, через какие программы ВПН вы заходите на сайт для просмотра днк тестов? Мне стали не доступны мои ДНК тесты, использую touch vpn."
Temych,Санкт-Петербург Сообщений: 1118 На сайте с 2010 г. Рейтинг: 638,18 мая 2022 11:16,"archivdonbass написал:
[q]
Подскажите, пожалуйста, через какие программы ВПН вы заходите на сайт для просмотра днк тестов? Мне стали не доступны мои ДНК тесты, использую touch vpn.
[/q]


Ни какие, с разных компьютеров захожу без проблем. Абонент годовой ещё действует."
archivdonbass,Донбасс Сообщений: 724 На сайте с 2007 г. Рейтинг: 1062,18 мая 2022 16:08,"Temych написал:
[q]

archivdonbass написал:
[q]

Подскажите, пожалуйста, через какие программы ВПН вы заходите на сайт для просмотра днк тестов? Мне стали не доступны мои ДНК тесты, использую touch vpn.
[/q]



Ни какие, с разных компьютеров захожу без проблем. Абонент годовой ещё действует.
[/q]


Мне пишет, что для России ДНК не доступны."
Temych,Санкт-Петербург Сообщений: 1118 На сайте с 2010 г. Рейтинг: 638,18 мая 2022 21:41,"archivdonbass написал:
[q]

Temych написал:
[q]


archivdonbass написал:

[q]


Подскажите, пожалуйста, через какие программы ВПН вы заходите на сайт для просмотра днк тестов? Мне стали не доступны мои ДНК тесты, использую touch vpn.

[/q]



Ни какие, с разных компьютеров захожу без проблем. Абонент годовой ещё действует.

[/q]



Мне пишет, что для России ДНК не доступны.
[/q]


Заказать нельзя, согласен. При нажатии на заказать перебрасывает на домашнюю страницу.
Но все остальные пункты меню доступны. Страна в профиле - Россия."
archivdonbass,Донбасс Сообщений: 724 На сайте с 2007 г. Рейтинг: 1062,19 мая 2022 19:44,"Temych написал:
[q]

archivdonbass написал:
[q]


Temych написал:

[q]



archivdonbass написал:


[q]



Подскажите, пожалуйста, через какие программы ВПН вы заходите на сайт для просмотра днк тестов? Мне стали не доступны мои ДНК тесты, использую touch vpn.


[/q]




Ни какие, с разных компьютеров захожу без проблем. Абонент годовой ещё действует.


[/q]




Мне пишет, что для России ДНК не доступны.

[/q]



Заказать нельзя, согласен. При нажатии на заказать перебрасывает на домашнюю страницу.
Но все остальные пункты меню доступны. Страна в профиле - Россия.
[/q]


Мне не дает даже просмотреть свои ранее загруженные. И с впн тоже. ((
У меня в профиле Украина. А выдает что для России не доступно."
polarbear2,Участник  Сообщений: 83 На сайте с 2022 г. Рейтинг: 55,19 мая 2022 22:08,"archivdonbass написал:
[q]

Мне не дает даже просмотреть свои ранее загруженные. И с впн тоже. ((
У меня в профиле Украина. А выдает что для России не доступно.
[/q]

В зависимости от компании/сервиса, иногда верят установкам профиля, иногда смотрят по IP. А кто-то оба сразу.

Попробуйте воспользоваться определением геолокации по IP и тогда будет понятно как трафик идет и какая страна определяется. Что-нибудь типа https://ipgeolocation.io или https://www.iplocation.net
Или любой другой, просто в поисковике набрать ""геолокация ip адреса"" и любой понравившийся из списка."
litv,Сообщений: 153 На сайте с 2020 г. Рейтинг: 318,20 мая 2022 10:07,"archivdonbass написал:
[q]
У меня в профиле Украина. А выдает что для России не доступно.
[/q]

вполне вероятны проблемы из-за геолокации конкретного региона - есть сведения,что не все области Украины определяются программами как украинские в автоматическом режиме. есть где-то функция отключения определения геолокации,а потом уже анонимайзеры включать - это на одном книжном сайте объясняли,как читать уже купленные книги и оплачивать новые для тех,кто географически попал под санкции и регистрация сервиса/сайта в регионах,введших санкции"
Felisitata,Сообщений: 282 На сайте с 2021 г. Рейтинг: 288,20 мая 2022 16:48,"litv написал:
[q]

archivdonbass написал:
[q]

У меня в профиле Украина. А выдает что для России не доступно.
[/q]


вполне вероятны проблемы из-за геолокации конкретного региона - есть сведения,что не все области Украины определяются программами как украинские в автоматическом режиме. есть где-то функция отключения определения геолокации,а потом уже анонимайзеры включать - это на одном книжном сайте объясняли,как читать уже купленные книги и оплачивать новые для тех,кто географически попал под санкции и регистрация сервиса/сайта в регионах,введших санкции
[/q]



Не совсем так.Украина есть Украина.Все области определяются как Украина, не придумывайте, того, чего нет.
Я живу за тысячи вёрст от России и Украины, по ошибке указала в профайле Россия и не могла понять ,почему мне , не доступно ничего."
Tusya84,Москва Сообщений: 822 На сайте с 2020 г. Рейтинг: 309,1 июня 2022 22:19,"Подскажите, правильно я поняла, что после загрузки теста, чтобы увидеть этническую составляющую, нужно оплатить 30 евро?"
polarbear2,Участник  Сообщений: 83 На сайте с 2022 г. Рейтинг: 55,2 июня 2022 6:13,"Tusya84 написал:
[q]
Подскажите, правильно я поняла, что после загрузки теста, чтобы увидеть этническую составляющую, нужно оплатить 30 евро?
[/q]

если у вас бесплатный аккаунт, то скорей всего да.
Вот тут их полная таблица по аккаунтам и уровням сервиса: https://www.myheritage.com/pricing"
Tusya84,Москва Сообщений: 822 На сайте с 2020 г. Рейтинг: 309,2 июня 2022 8:20,"polarbear2 написал:
[q]

Tusya84 написал:
[q]

Подскажите, правильно я поняла, что после загрузки теста, чтобы увидеть этническую составляющую, нужно оплатить 30 евро?
[/q]


если у вас бесплатный аккаунт, то скорей всего да.
Вот тут их полная таблица по аккаунтам и уровням сервиса: https://www.myheritage.com/pricing
[/q]

Спасибо. Жалко, как раз хотела уточнить этнический процент, так как хотелось сравнить с фтдна."
Alexei Berdnik,Сообщений: 818 На сайте с 2012 г. Рейтинг: 1303,2 июня 2022 13:52,"Прошу помощи знатоков. Сам профан в этом вопросе.
Собираюсь сдать тесты обоим родителям. Ограничений по заказу тестов нет.
- Насколько МН тесты хороши, стоит ли овчинка выделки?
- Можно ли результаты загружать в и в другие базы (и какие) для расширения охвата, и платно ли это (сколько)?
- Платный аккаунт у меня на МН один (мой). Смогу ли я без дополнительных затрат (кроме покупки самих тестов), да и вообще легально ли это, загрузить и обработать 2 теста родителей (у которых нет аккаунтов на МН)?
- Может лучше стоит использовать другую систему (и какую) с лучшим соотношением цена/качество?

Известные регионы проживания предков:
Россия - нынешняя Брянская обл. (как раз тот выступ у границ РФ, Украины и Белоруссии). Предположительно (не подтверждено) также бывш. Курская или Тамбовская Губернии (как место выхода переселенцев в Таврическую губернию).
Белоруссия - нынешняя Гомельская обл.
Украина - нынешние Днепропетровская, Полтавская, Запорожская обл.

Спасибо."
polarbear2,Участник  Сообщений: 83 На сайте с 2022 г. Рейтинг: 55,2 июня 2022 18:07,"С такими вопросами лучше сюда https://forum.vgd.ru/post/527/49672/p4180625.htm или даже на молген (http://forum.molgen.info/)

Alexei Berdnik написал:
[q]
Прошу помощи знатоков. Сам профан в этом вопросе.
Собираюсь сдать тесты обоим родителям. Ограничений по заказу тестов нет.
- Насколько МН тесты хороши, стоит ли овчинка выделки?
[/q]

MH делает только аутосомные тесты. Если хочется гаплогруппы, то надо либо FTDNA, либо 23andme.
А так, аутосомные тесты от MH - ""дешево и сердито"", с уровнем качества по рынку. Они все примерно одинаковые чипы используют. Более того, MH делает тесты в той же лаборатории, что и FTDNA.


Alexei Berdnik написал:
[q]

- Можно ли результаты загружать в и в другие базы (и какие) для расширения охвата, и платно ли это (сколько)?
[/q]

Можно загружать, но это зависит от другой системы. Сама выгрузка данных из MH бесплатно.
Загрузить можно на GEDmatch, Geni, FTDNA, Genotek. Последний хочет денег за показ результата. Остальные какие-то результаты и совпадения покажут бесплатно.
Единственная система куда нельзя загрузить свои готовые данные - 23andme.


Alexei Berdnik написал:
[q]

- Платный аккаунт у меня на МН один (мой). Смогу ли я без дополнительных затрат (кроме покупки самих тестов), да и вообще легально ли это, загрузить и обработать 2 теста родителей (у которых нет аккаунтов на МН)?
[/q]

да, можно и легально.


Alexei Berdnik написал:
[q]

- Может лучше стоит использовать другую систему (и какую) с лучшим соотношением цена/качество?
[/q]

все зависит от конечного результата и желания. Из личного примера, хотя я загрузил данные ДНК теста во все перечисленные системы (только ради расширения радиуса поиска совпаденцев), но как основную использую MH для постройки дерева - мне там интерфейс больше всех нравится удобством."
Tusya84,Москва Сообщений: 822 На сайте с 2020 г. Рейтинг: 309,7 июня 2022 21:03,"Добрый день, подскажите, среди родственников найденных по тесту, на втором месте стоит USA, но если просмотреть их фамилии, то большинство польских, немецких фамилий и немного русских.
Это как я понимаю те люди, которые просто эмигрировали и сейчас живут на территории США?"
polarbear2,Участник  Сообщений: 83 На сайте с 2022 г. Рейтинг: 55,7 июня 2022 21:16,"Tusya84 написал:
[q]
Добрый день, подскажите, среди родственников найденных по тесту, на втором месте стоит USA, но если просмотреть их фамилии, то большинство польских, немецких фамилий и немного русских.
Это как я понимаю те люди, которые просто эмигрировали и сейчас живут на территории США?
[/q]

именно так. При том, что в большей части даже не ""они эмигрировали"", а их родители или бабушки/дедушки."
Tusya84,Москва Сообщений: 822 На сайте с 2020 г. Рейтинг: 309,7 июня 2022 21:19,"polarbear2 написал:
[q]

Tusya84 написал:
[q]

Добрый день, подскажите, среди родственников найденных по тесту, на втором месте стоит USA, но если просмотреть их фамилии, то большинство польских, немецких фамилий и немного русских.
Это как я понимаю те люди, которые просто эмигрировали и сейчас живут на территории США?
[/q]


именно так. При том, что в большей части даже не ""они эмигрировали"", а их родители или бабушки/дедушки.
[/q]


Спасибо, так и подумала. Жалко не показывает происхождение, для сравнения с другой лабораторией, но в принципе, +- по совпаденцам похоже."
Ingvar-spb,Новичок  Санкт-Петербург Сообщений: 2 На сайте с 2022 г. Рейтинг: 3,16 августа 2022 16:39,"alexlapin написал:
[q]
>> Ответ на сообщение пользователя I_Sokka от 7 января 2022 15:57
Подскажите, в каком формате должен быть файл сырыми данными? Загружаю файл в своей учетке MH, пишет ""Неверный комплект"" и говорит, что этот формат, мол, пока не поддерживается.
[/q]



Я делал WGS тест в Небуле, потом при помощи WGS Extract конвертировал во все остальные форматы. MYHeritage принял данные в формате FTDNA_v3 и в формате23andMe_V5
Остальные форматы отказался понимать ,включая формат MyHeritage и CombinedSNP - по этим пишет неверный формат.
Грузил через VPN. Страну в профиле поменял на Казахстан"
koorimidzu,Участник    Сообщений: 67 На сайте с 2022 г. Рейтинг: 197,21 сентября 2022 11:59,"tmaua написал:
[q]
Как???
62 тыс в дереве.
[/q]


Встречала и 84000+
Добавляют косвенные ветки супругов, сама таким грешила"
koorimidzu,Участник    Сообщений: 67 На сайте с 2022 г. Рейтинг: 197,21 сентября 2022 12:03,"Меня пока MyHeritage вполне устраивает, удобно добавлять информацию, всё по полочкам.
Днк можно сделать и от них, и загрузить данные других тестов. Удобно находить родственников по днк, но никакой информации о самой днк нет, никаких групп, ничего. Максимум это процентное соотношение национальностей и процент совпадения с родственниками.
И соглашусь со многими, площадка на 90% как минимум состоит из трудов людей, занимающихся своими древами. Архивные данные самой площадки, что мёртвому припарка, по крайней мере у меня было только два совпадения по могилам из 400+ человек в древе.
Грубо они предоставляют всем возможность сравнить древа и днк друг друга. Всё"
pink_carrot,Сообщений: 350 На сайте с 2014 г. Рейтинг: 222,11 ноября 2022 19:14,.
wovanik,Новичок    Сообщений: 2 На сайте с 2012 г. Рейтинг: 3,29 августа 2023 16:58,"Возможно ли сейчас россиянам сдать днк-тест в MyHeritage? Есть ли какие-то обходные пути? Зайти наверное можно через VPN. Для оплаты, говорят, вроде тоже какие-то сервисы существуют с грабительской комиссией. Можно обмануть. Но с адресом-то не обманешь, если ты из России! Или обманешь? Кто-нибудь знает как это делается?"
virma,"Грузия, Тбилиси Сообщений: 103 На сайте с 2021 г. Рейтинг: 102",29 августа 2023 18:47,"Здравствуйте! Заказали тесты для родственников, которые живут в России, мы сами в Грузии. Возможно ли переслать потом эти тесты в Россию по адресам родственников и смогут ли они сами потом отослать их обратно из России на адрес лаборатории или обратно к нам в Грузию.?"
I_Sokka,Санкт-Петербург Сообщений: 502 На сайте с 2019 г. Рейтинг: 455,29 августа 2023 19:23,"virma написал:
[q]
Возможно ли переслать потом эти тесты в Россию по адресам родственников и смогут ли они сами потом отослать их обратно из России на адрес лаборатории или обратно к нам в Грузию.?
[/q]

Да, все это возможно."
virma,"Грузия, Тбилиси Сообщений: 103 На сайте с 2021 г. Рейтинг: 102",12 сентября 2023 17:50,"Был бесплатный аккаунт, перешла на платный на год, Что произойдет с моими деревом, в том случае если в нем будет более 250 человек, а я через год не продлю оплату, будет ли у меня доступ до него, не пропадут ли введенные мною данные?"
I_Sokka,Санкт-Петербург Сообщений: 502 На сайте с 2019 г. Рейтинг: 455,12 сентября 2023 19:38,"virma написал:
[q]
Был бесплатный аккаунт, перешла на платный на год, Что произойдет с моими деревом, в том случае если в нем будет более 250 человек, а я через год не продлю оплату, будет ли у меня доступ до него, не пропадут ли введенные мною данные?
[/q]

Немного зависит от времени создания аккаунта. Так в целом, вероятно не сможете добавлять новые профили, а дерево будет недоступно совпаденцам без приглашения на сайт/в ваше дерево. Уже введенные данные не пропадут."
KoraCarrera,Украина Сообщений: 264 На сайте с 2020 г. Рейтинг: 375,5 октября 2023 15:10,"Сегодня МН объявили аукцион невиданной щедрости, но сработает ли снова с ""удалить и загрузить""?
У кого получится с обновлением функционала по тесту ДНК - маякните пожалуйста."
KoraCarrera,Украина Сообщений: 264 На сайте с 2020 г. Рейтинг: 375,5 октября 2023 17:08,Пока никто не может сказать.. сайт лежит
Липчанка,г. Липецк Сообщений: 818 На сайте с 2010 г. Рейтинг: 9255,5 октября 2023 19:07,"KoraCarrera написал:
[q]
Сегодня МН объявили аукцион невиданной щедрости,
[/q]

Попробовала загрузить данные с FTDNA, но... ""Этот файл не подходит для аутосомного экспорта. Пожалуйста, следуйте этим шагам и попробуйте снова."" Хотя файл правильный. В чем может быть причина?"
Lesla,Модератор раздела R1a-VK05    Санкт-Петербург Сообщений: 2473 На сайте с 2006 г. Рейтинг: 2134,5 октября 2023 19:42,"Липчанка написал:
[q]
В чем может быть причина?
[/q]

Вот тут недавно обсуждали - https://forum.molgen.org/index...#msg579103
проверьте, все ли настройки соблюдены?"
Липчанка,г. Липецк Сообщений: 818 На сайте с 2010 г. Рейтинг: 9255,5 октября 2023 20:30,"Lesla написал:
[q]
проверьте, все ли настройки соблюдены?
[/q]

Спасибо большое! Все сделала, как написано и данные загрузились!"
Helena_Ger,Cerca trova  Псков Сообщений: 211 На сайте с 2015 г. Рейтинг: 553,8 октября 2023 12:49,"Не подскажете, что это за новшество?
Смотрю сегодня совпаденцев, человек 5 посмотрела, и выскакивает Error: Ваш лимит на сегодня исчерпан, заходите завтра.
Это временный глюк или навсегда?

Если что, аккаунт у меня платный"
I_Sokka,Санкт-Петербург Сообщений: 502 На сайте с 2019 г. Рейтинг: 455,8 октября 2023 13:42,"Helena_Ger написал:
[q]
Не подскажете, что это за новшество?
Смотрю сегодня совпаденцев, человек 5 посмотрела, и выскакивает Error: Ваш лимит на сегодня исчерпан, заходите завтра.
Это временный глюк или навсегда?

Если что, аккаунт у меня платный
[/q]


Многие сообщают об этой проблеме. Внятного ответа от MyHeritage нет, вчера обещали решить в течение 24 часов, но пока проблема осталась."
Helena_Ger,Cerca trova  Псков Сообщений: 211 На сайте с 2015 г. Рейтинг: 553,8 октября 2023 14:22,"I_Sokka написал:
[q]





Многие сообщают об этой проблеме. Внятного ответа от MyHeritage нет, вчера обещали решить в течение 24 часов, но пока проблема осталась.
[/q]



Спасибо!"
KoraCarrera,Украина Сообщений: 264 На сайте с 2020 г. Рейтинг: 375,10 октября 2023 15:24,Эвент продлили до 15.10.23
KoraCarrera,Украина Сообщений: 264 На сайте с 2020 г. Рейтинг: 375,12 октября 2023 17:12,"Держу в курсе: ""удалить и загрузить"" сработало и весь функционал сейчас стал доступен."
wlm1818,Начинающий  Россия Сообщений: 37 На сайте с 2016 г. Рейтинг: 136,7 ноября 2023 17:39,"Подскажите кто в курсе.
Почему в ""Управление комплектами для анализа ДНК"" удалили функцию скачивания файла теста ДНК,
который можно было загрузить на другие подобные ресурсы ?"
wlm1818,Начинающий  Россия Сообщений: 37 На сайте с 2016 г. Рейтинг: 136,7 ноября 2023 17:40,"wlm1818 написал:
[q]
Подскажите кто в курсе.
Почему в ""Управление комплектами для анализа ДНК"" удалили функцию скачивания файла теста ДНК,
который можно было загрузить на другие подобные ресурсы ?
[/q]


А было так"
I_Sokka,Санкт-Петербург Сообщений: 502 На сайте с 2019 г. Рейтинг: 455,7 ноября 2023 20:34,"wlm1818 написал:
[q]

wlm1818 написал:
[q]

Подскажите кто в курсе.
Почему в ""Управление комплектами для анализа ДНК"" удалили функцию скачивания файла теста ДНК,
который можно было загрузить на другие подобные ресурсы ?
[/q]

А было так
[/q]


Вероятно это временные меры. Связано скроее всего с этим инцидентом.
FTDNA перестало принимать данные от 23andme.
Перенести данные на FTDNA из MyHeritage можно было ранее без закачки самого файла с данными - надо было залогиниться в аккаунт MyHeritage, а там уже перенос шел между кампаниями. Попробуйте: https://www.familytreedna.com/autosomal-transfer"
wlm1818,Начинающий  Россия Сообщений: 37 На сайте с 2016 г. Рейтинг: 136,8 ноября 2023 17:50,">> Ответ на сообщение пользователя I_Sokka от 7 ноября 2023 20:34
Вот уже и вернули функцию скачивания теста"
partyzan,Новичок  Минск Сообщений: 8 На сайте с 2018 г. Рейтинг: 1,9 ноября 2023 12:33,Здравствуйте! Сейчас акция 38 долларов за набор тестов плюс месяц премиума. Стоит брать или бывают более вкусные предложения?
Helena_Ger,Cerca trova  Псков Сообщений: 211 На сайте с 2015 г. Рейтинг: 553,10 ноября 2023 5:26,"partyzan написал:
[q]
Здравствуйте! Сейчас акция 38 долларов за набор тестов плюс месяц премиума. Стоит брать или бывают более вкусные предложения?
[/q]



Вкусней не бывает))"
Lisovmax,Участник  Сообщений: 63 На сайте с 2020 г. Рейтинг: 21,10 ноября 2023 12:58,"Добрый день. Возник вопрос: Сестра сдала тест от MyHeritage. Результат перекинула мне. Могу ли я в свое дерево вставить ее результат(ну мы же брат и сестра)? Мне выдает, что неверно выбрать ТИП ФАЙЛА, но другого у меня ничего нет.
Что не так?"
eugrus,Участник  Сообщений: 67 На сайте с 2006 г. Рейтинг: 36,11 января 2024 18:43,"Lisovmax написал:
[q]
Добрый день. Возник вопрос: Сестра сдала тест от MyHeritage. Результат перекинула мне. Могу ли я в свое дерево вставить ее результат(ну мы же брат и сестра)? Мне выдает, что неверно выбрать ТИП ФАЙЛА, но другого у меня ничего нет.
[/q]


Что значит, вставить в дерево?

Результаты ДНК-тестирования никак не связаны с генеалогическими деревьями, которые вы строите.

Сестра будет показана как таковая на https://www.myheritage.com/dna/matches/

Импортировать к себе CSV с чужими нуклеотидными парами не нужно - иначе система будет считать эту ДНК за Вашу. Функция импорта предусмотрена на случай, если Вы хотите загрузить собственный результат из другой лаборатории."
Липчанка,г. Липецк Сообщений: 818 На сайте с 2010 г. Рейтинг: 9255,11 января 2024 22:26,"Lisovmax написал:
[q]
Добрый день. Возник вопрос: Сестра сдала тест от MyHeritage. Результат перекинула мне. Могу ли я в свое дерево вставить ее результат(ну мы же брат и сестра)? Мне выдает, что неверно выбрать ТИП ФАЙЛА, но другого у меня ничего нет.
Что не так?
[/q]

1. Страна проживания у Вас в профиле указана какая? Должна быть не РФ.
2. В Вашем дереве есть Ваша сестра?
3. Вы загружали таким образом, как на картинке?"
Липчанка,г. Липецк Сообщений: 818 На сайте с 2010 г. Рейтинг: 9255,11 января 2024 22:29,"eugrus написал:
[q]
Что значит, вставить в дерево?

Результаты ДНК-тестирования никак не связаны с генеалогическими деревьями, которые вы строите.

Сестра будет показана как таковая на https://www.myheritage.com/dna/matches/

Импортировать к себе CSV с чужими нуклеотидными парами не нужно - иначе система будет считать эту ДНК за Вашу. Функция импорта предусмотрена на случай, если Вы хотите загрузить собственный результат из другой лаборатории.
[/q]

В моем дереве у 6-ти персон вставлены результаты их ДНК."
eugrus,Участник  Сообщений: 67 На сайте с 2006 г. Рейтинг: 36,12 января 2024 4:35,"Липчанка написал:
[q]

eugrus написал:
[q]

Что значит, вставить в дерево?

Результаты ДНК-тестирования никак не связаны с генеалогическими деревьями, которые вы строите.

Сестра будет показана как таковая на https://www.myheritage.com/dna/matches/

Импортировать к себе CSV с чужими нуклеотидными парами не нужно - иначе система будет считать эту ДНК за Вашу. Функция импорта предусмотрена на случай, если Вы хотите загрузить собственный результат из другой лаборатории.
[/q]


В моем дереве у 6-ти персон вставлены результаты их ДНК.
[/q]



Ок, ясно"
Alexei Berdnik,Сообщений: 818 На сайте с 2012 г. Рейтинг: 1303,12 января 2024 4:58,"Липчанка написал:
[q]

В моем дереве у 6-ти персон вставлены результаты их ДНК.
[/q]

Вероятно это либо вы сами заказали для них тесты в МН и указали при заказе для кого они. Тогда после обработки результатов эти персоны показываются с тестами. Либо этих персон вы добавили путем подтверждения матча с других деревьев, где они были уже с результатами тестов. Честно говоря во втором случае я даже не уверен что совпаденцы переходят в другое древо с результатами их тестов.
Возможно вам следует попробовать сматчить вашу сестру с результатом её теста в другом древе с вашей же сестрой в вашем. Тогда, возможно перейдёт."
Липчанка,г. Липецк Сообщений: 818 На сайте с 2010 г. Рейтинг: 9255,12 января 2024 9:41,"Alexei Berdnik, не учла, что тест сестры тоже делался в MyHeritage.
Я делала тесты в Генотек и в FTDNА.
Меню ДНК -> Загрузить данные теста ДНК.
""Если Вы или члены Вашей семьи уже сделали ДНК-тест у другого провайдера, то Вы можете загрузить данные ДНК теста на MyHeritage и получить совпадения ДНК бесплатно.""
Если на руках есть необработанные данные ДНК, сделанные на MyHeritage, может быть их таким же образом можно вставить в свое дерево?
А проще всего написать с техподдержку и спросить, как можно это сделать правильно."
arbalet,Участник  Сообщений: 101 На сайте с 2011 г. Рейтинг: 35,11 февраля 2024 16:25,"Я так понял, что этой опции больше нет?

See the ethnicity distribution of your DNA Matches. Select any ethnicity to see the matches.

Если нет, непонятно зачем убрали. Было интересно, можно было увидеть сколько у вас совпаденцев имеющих такой-то этнический компонент, а теперь похоже можно посмотреть только сколько их из конкретной страны мира."
ivan_bruskov,Новичок  Сообщений: 21 На сайте с 2021 г. Рейтинг: 21,27 февраля 2024 19:39,Если сейчас через третью страну отправить набор для ДНК от MyHeritage в Россию. То конверт с материалом из России в Германию на адрес на конверте отправится почтой и дойдёт? Кто-нибудь так делал недавно?
arbalet,Участник  Сообщений: 101 На сайте с 2011 г. Рейтинг: 35,28 февраля 2024 13:25,"ivan_bruskov написал:
[q]
Если сейчас через третью страну отправить набор для ДНК от MyHeritage в Россию. То конверт с материалом из России в Германию на адрес на конверте отправится почтой и дойдёт? Кто-нибудь так делал недавно?
[/q]


Вроде не работает больше с Россией европейская почта. Можно сделать тест в российском генотеке и потом перевести сырые данные в myheritage."
yuliyapavlova,Новичок  Тверь Сообщений: 12 На сайте с 2014 г. Рейтинг: 7,20 марта 2024 11:59,"Друзья, подскажите, пожалуйста. тему о переносе изучила и все равно не получается залить анализ в MH.
у меня есть анализ выгруженный с самого MH и есть анализ, сдавала на генотеке и выгружала уже во всех форматах.
vpn включать пробовала. все равно выдает ошибку.
какие еще танцы с бубнами можно исполнить?"
Lesla,Модератор раздела R1a-VK05    Санкт-Петербург Сообщений: 2473 На сайте с 2006 г. Рейтинг: 2134,20 марта 2024 12:17,"yuliyapavlova написал:
[q]
какие еще танцы с бубнами можно исполнить?
[/q]

Проверить, что в настройках аккаунта везде стоит не РФ.
Попробовать загрузить платно скаченный с Генотека файл V5.
Попробовать другой впн."
yuliyapavlova,Новичок  Тверь Сообщений: 12 На сайте с 2014 г. Рейтинг: 7,20 марта 2024 12:19,"Lesla написал:
[q]



Проверить, что в настройках аккаунта везде стоит не РФ.
Попробовать загрузить платно скаченный с Генотека файл V5.
Попробовать другой впн.
[/q]


спасибо. v5 тоже пробовала.
буду пробовать с впн и рф убирать"
ivan_bruskov,Новичок  Сообщений: 21 На сайте с 2021 г. Рейтинг: 21,20 марта 2024 18:28,"yuliyapavlova написал:
[q]

спасибо. v5 тоже пробовала.
буду пробовать с впн и рф убирать
[/q]

Отпишитесь пожалуйста, если получится. А то я тоже хочу чтоб отец сдал тест в генотек, а потом выложить на MyHeritage. А теперь боюсь ))"
Lesla,Модератор раздела R1a-VK05    Санкт-Петербург Сообщений: 2473 На сайте с 2006 г. Рейтинг: 2134,21 марта 2024 10:56,"ivan_bruskov написал:
[q]
А теперь боюсь ))
[/q]

Там нечего боятся. Много раз загружал из Генотека в МХ и пока проблем (тьфу, тьфу, тьфу) не было."
Lesla,Модератор раздела R1a-VK05    Санкт-Петербург Сообщений: 2473 На сайте с 2006 г. Рейтинг: 2134,21 марта 2024 10:58,"yuliyapavlova написал:
[q]
буду пробовать с впн и рф убирать
[/q]

Еще! Проверьте, что стоит в настройках двухфакторная проверка (это когда проверочный код при входе в аккаунт отсылают на почту). МХ теперь раздел с ДНК показывает только если стоит двухфакторная верификация("
yuliyapavlova,Новичок  Тверь Сообщений: 12 На сайте с 2014 г. Рейтинг: 7,24 марта 2024 18:48,"ivan_bruskov написал:
[q]


Отпишитесь пожалуйста, если получится. А то я тоже хочу чтоб отец сдал тест в генотек, а потом выложить на MyHeritage. А теперь боюсь ))
[/q]


Получилось! включила vpn Nl и в профиле у себя исправила страну на голландию и язык на англ. Место проживания голландия. И сразу загрузилось"
adxfighter,Начинающий  Сообщений: 48 На сайте с 2020 г. Рейтинг: 21,4 июля 2024 7:19,"Здравствуйте!

Зарегистрировался на MH.
С телефона через VPN.
Регион Франция, язык английский,
Поставил 2-факторную авторизацию.
Раздел ДНК не нашёл
ВПН другой попробовать?
Почта @gmail.com старая, возможно,
засветилась где-то, как относящаяся к РФ."
Lesla,Модератор раздела R1a-VK05    Санкт-Петербург Сообщений: 2473 На сайте с 2006 г. Рейтинг: 2134,4 июля 2024 8:52,"adxfighter написал:
[q]
ВПН другой попробовать?
[/q]

Да.


adxfighter написал:
[q]
Почта @gmail.com старая, возможно,
засветилась где-то, как относящаяся к РФ.
[/q]

Навряд ли в МХ так пристально смотрят."
Komka27,Начинающий  Сообщений: 38 На сайте с 2024 г. Рейтинг: 11,30 октября 2024 21:41,"yuliyapavlova написал:
[q]
Друзья, подскажите, пожалуйста. тему о переносе изучила и все равно не получается залить анализ в MH.
у меня есть анализ выгруженный с самого MH и есть анализ, сдавала на генотеке и выгружала уже во всех форматах.
vpn включать пробовала. все равно выдает ошибку.
какие еще танцы с бубнами можно исполнить?
[/q]



А не подскажете, как выгрузить результаты теста ДНК с МН? Нужно перенести на другой сайт, но что-то не могу понятоь, как это сделать"
Lesla,Модератор раздела R1a-VK05    Санкт-Петербург Сообщений: 2473 На сайте с 2006 г. Рейтинг: 2134,31 октября 2024 10:13,"Komka27 написал:
[q]
А не подскажете, как выгрузить результаты теста ДНК с МН? Нужно перенести на другой сайт, но что-то не могу понятоь, как это сделать
[/q]

https://forum.vgd.ru/post/1693/134901/p4221261.htm#pp4221261"
Komka27,Начинающий  Сообщений: 38 На сайте с 2024 г. Рейтинг: 11,3 ноября 2024 19:16,"Lesla написал:
[q]

Komka27 написал:
[q]

А не подскажете, как выгрузить результаты теста ДНК с МН? Нужно перенести на другой сайт, но что-то не могу понятоь, как это сделать
[/q]


https://forum.vgd.ru/post/1693/134901/p4221261.htm#pp4221261
[/q]

Спасибо! Теперь понятно, в чем проблема."
Cubshi,Начинающий  Москва Сообщений: 50 На сайте с 2019 г. Рейтинг: 39,20 ноября 2024 15:14,"Подскажите, пожалуйста, почему у некоторых совпаденцев не отображается хромосом браузер? У меня бесплатный аккаунт"
